dataset,mode,width,depth,activation,batchnorm,dropout,residual,optimizer,lr,loss,test_acc,best_k,rho,z,connected_all_layers,elapsed_s,run_id,error,session
cifar10_cat_v_dog,real,narrow,5,relu,False,0.0,False,rmsprop,0.001,bce,0.5005000233650208,,,,False,10.4,cifar10_cat_v_dog__narrow_d5_actrelu__optrmsprop_lr0.001_lossbce_seed0,,20251008_003902
cifar10_cat_v_dog,real,narrow,5,relu,False,0.0,False,adam,0.001,bce,0.5860000252723694,200,-0.17030269115561864,-0.17197837929250243,True,30.1,cifar10_cat_v_dog__narrow_d5_actrelu__optadam_lr0.001_lossbce_seed0,,20251008_003902
cifar10_cat_v_dog,real,narrow,5,gelu,False,0.0,False,rmsprop,0.001,bce,0.5005000233650208,,,,False,10.7,cifar10_cat_v_dog__narrow_d5_actgelu__optrmsprop_lr0.001_lossbce_seed0,,20251008_003902
cifar10_cat_v_dog,real,narrow,5,gelu,False,0.0,False,adam,0.001,bce,0.5964999794960022,10,-0.9945582720684905,-2.9520406211982952,True,29.9,cifar10_cat_v_dog__narrow_d5_actgelu__optadam_lr0.001_lossbce_seed0,,20251008_003902
cifar10_cat_v_dog,real,wide,5,relu,False,0.0,False,rmsprop,0.001,bce,0.5005000233650208,,,,False,11.5,cifar10_cat_v_dog__wide_d5_actrelu__optrmsprop_lr0.001_lossbce_seed0,,20251008_003902
cifar10_cat_v_dog,real,wide,5,relu,False,0.0,False,adam,0.001,bce,0.6044999957084656,20,-0.5552652040487773,-0.6259616094722593,True,31.0,cifar10_cat_v_dog__wide_d5_actrelu__optadam_lr0.001_lossbce_seed0,,20251008_003902
cifar10_cat_v_dog,real,wide,5,gelu,False,0.0,False,rmsprop,0.001,bce,0.5005000233650208,,,,False,12.5,cifar10_cat_v_dog__wide_d5_actgelu__optrmsprop_lr0.001_lossbce_seed0,,20251008_003902
cifar10_cat_v_dog,real,wide,5,gelu,False,0.0,False,adam,0.001,bce,0.5914999842643738,350,0.9993276944018916,3.9988042664858616,True,30.0,cifar10_cat_v_dog__wide_d5_actgelu__optadam_lr0.001_lossbce_seed0,,20251008_003902
fmnist_sandal_v_boot,real,narrow,5,relu,False,0.0,False,rmsprop,0.001,bce,0.9865000247955322,250,-0.703530522662241,-0.8742569423156656,True,28.0,fmnist_sandal_v_boot__narrow_d5_actrelu__optrmsprop_lr0.001_lossbce_seed0,,20251008_003902
fmnist_sandal_v_boot,real,narrow,5,relu,False,0.0,False,adam,0.001,bce,0.9869999885559082,350,-0.9301034642912177,-1.6591564007835027,True,28.5,fmnist_sandal_v_boot__narrow_d5_actrelu__optadam_lr0.001_lossbce_seed0,,20251008_003902
fmnist_sandal_v_boot,real,narrow,5,gelu,False,0.0,False,rmsprop,0.001,bce,0.9860000014305115,350,-0.4761428378427704,-0.5179843591130422,True,29.0,fmnist_sandal_v_boot__narrow_d5_actgelu__optrmsprop_lr0.001_lossbce_seed0,,20251008_003902
fmnist_sandal_v_boot,real,narrow,5,gelu,False,0.0,False,adam,0.001,bce,0.9879999756813049,350,0.12306464823930291,0.1236916230401472,True,29.6,fmnist_sandal_v_boot__narrow_d5_actgelu__optadam_lr0.001_lossbce_seed0,,20251008_003902
fmnist_sandal_v_boot,real,wide,5,relu,False,0.0,False,rmsprop,0.001,bce,0.9884999990463257,350,-0.6439605314134206,-0.7649109880744366,True,28.3,fmnist_sandal_v_boot__wide_d5_actrelu__optrmsprop_lr0.001_lossbce_seed0,,20251008_003902
fmnist_sandal_v_boot,real,wide,5,relu,False,0.0,False,adam,0.001,bce,0.9850000143051147,350,-0.9289980677987788,-1.6510244602364892,True,31.8,fmnist_sandal_v_boot__wide_d5_actrelu__optadam_lr0.001_lossbce_seed0,,20251008_003902
fmnist_sandal_v_boot,real,wide,5,gelu,False,0.0,False,rmsprop,0.001,bce,0.9835000038146973,350,-0.7088415245127675,-0.8848516203122877,True,29.9,fmnist_sandal_v_boot__wide_d5_actgelu__optrmsprop_lr0.001_lossbce_seed0,,20251008_003902
fmnist_sandal_v_boot,real,wide,5,gelu,False,0.0,False,adam,0.001,bce,0.984499990940094,350,-0.3154908282985509,-0.32663154233239733,True,30.9,fmnist_sandal_v_boot__wide_d5_actgelu__optadam_lr0.001_lossbce_seed0,,20251008_003902
fmnist_shirt_v_coat,real,narrow,5,relu,False,0.0,False,rmsprop,0.001,bce,0.8920000195503235,250,-0.08830961188433872,-0.08854025547992246,True,28.2,fmnist_shirt_v_coat__narrow_d5_actrelu__optrmsprop_lr0.001_lossbce_seed0,,20251008_003902
fmnist_shirt_v_coat,real,narrow,5,relu,False,0.0,False,adam,0.001,bce,0.8955000042915344,30,0.9074679759364929,1.5129885919114816,True,29.1,fmnist_shirt_v_coat__narrow_d5_actrelu__optadam_lr0.001_lossbce_seed0,,20251008_003902
fmnist_shirt_v_coat,real,narrow,5,gelu,False,0.0,False,rmsprop,0.001,bce,0.9024999737739563,120,0.8920926155957802,1.4320826960853899,True,28.7,fmnist_shirt_v_coat__narrow_d5_actgelu__optrmsprop_lr0.001_lossbce_seed0,,20251008_003902
fmnist_shirt_v_coat,real,narrow,5,gelu,False,0.0,False,adam,0.001,bce,0.9004999995231628,50,0.6987810190639563,0.8649143567885604,True,29.7,fmnist_shirt_v_coat__narrow_d5_actgelu__optadam_lr0.001_lossbce_seed0,,20251008_003902
fmnist_shirt_v_coat,real,wide,5,relu,False,0.0,False,rmsprop,0.001,bce,0.9125000238418579,350,0.6473128360350663,0.7706596060719249,True,28.6,fmnist_shirt_v_coat__wide_d5_actrelu__optrmsprop_lr0.001_lossbce_seed0,,20251008_003902
fmnist_shirt_v_coat,real,wide,5,relu,False,0.0,False,adam,0.001,bce,0.8999999761581421,30,0.869476652893992,1.3309308450642885,True,29.9,fmnist_shirt_v_coat__wide_d5_actrelu__optadam_lr0.001_lossbce_seed0,,20251008_003902
fmnist_shirt_v_coat,real,wide,5,gelu,False,0.0,False,rmsprop,0.001,bce,0.8999999761581421,250,-0.2324363927075752,-0.2367634721279321,True,30.4,fmnist_shirt_v_coat__wide_d5_actgelu__optrmsprop_lr0.001_lossbce_seed0,,20251008_003902
fmnist_shirt_v_coat,real,wide,5,gelu,False,0.0,False,adam,0.001,bce,0.906499981880188,250,0.8569541624167047,1.2817638779680225,True,31.3,fmnist_shirt_v_coat__wide_d5_actgelu__optadam_lr0.001_lossbce_seed0,,20251008_003902
fmnist_tshirt_v_shirt,real,narrow,5,relu,False,0.0,False,rmsprop,0.001,bce,0.843999981880188,350,-0.35584754069089786,-0.37212329645826175,True,27.7,fmnist_tshirt_v_shirt__narrow_d5_actrelu__optrmsprop_lr0.001_lossbce_seed0,,20251008_003902
fmnist_tshirt_v_shirt,real,narrow,5,relu,False,0.0,False,adam,0.001,bce,0.8529999852180481,350,-0.7647867227911149,-1.0076462299856213,True,28.5,fmnist_tshirt_v_shirt__narrow_d5_actrelu__optadam_lr0.001_lossbce_seed0,,20251008_003902
fmnist_tshirt_v_shirt,real,narrow,5,gelu,False,0.0,False,rmsprop,0.001,bce,0.8650000095367432,350,-0.6822311273238263,-0.8332759701283592,True,29.0,fmnist_tshirt_v_shirt__narrow_d5_actgelu__optrmsprop_lr0.001_lossbce_seed0,,20251008_003902
fmnist_tshirt_v_shirt,real,narrow,5,gelu,False,0.0,False,adam,0.001,bce,0.8510000109672546,150,0.4564354020719446,0.49279933450288643,True,29.8,fmnist_tshirt_v_shirt__narrow_d5_actgelu__optadam_lr0.001_lossbce_seed0,,20251008_003902
fmnist_tshirt_v_shirt,real,wide,5,relu,False,0.0,False,rmsprop,0.001,bce,0.8665000200271606,120,-0.9973882608193408,-3.319789692198936,True,28.7,fmnist_tshirt_v_shirt__wide_d5_actrelu__optrmsprop_lr0.001_lossbce_seed0,,20251008_003902
fmnist_tshirt_v_shirt,real,wide,5,relu,False,0.0,False,adam,0.001,bce,0.8550000190734863,350,0.3046847583298624,0.3146756991070812,True,29.7,fmnist_tshirt_v_shirt__wide_d5_actrelu__optadam_lr0.001_lossbce_seed0,,20251008_003902
fmnist_tshirt_v_shirt,real,wide,5,gelu,False,0.0,False,rmsprop,0.001,bce,0.8560000061988831,350,0.0835822731650436,0.08377772824337126,True,33.1,fmnist_tshirt_v_shirt__wide_d5_actgelu__optrmsprop_lr0.001_lossbce_seed0,,20251008_003902
fmnist_tshirt_v_shirt,real,wide,5,gelu,False,0.0,False,adam,0.001,bce,0.847000002861023,350,0.006032120081397974,0.006032193245519465,True,31.2,fmnist_tshirt_v_shirt__wide_d5_actgelu__optadam_lr0.001_lossbce_seed0,,20251008_003902
mnist_0v8,real,narrow,5,relu,False,0.0,False,rmsprop,0.001,bce,0.9953940510749817,250,-0.9937707074539812,-2.8842600911639455,True,27.4,mnist_0v8__narrow_d5_actrelu__optrmsprop_lr0.001_lossbce_seed0,,20251008_003902
mnist_0v8,real,narrow,5,relu,False,0.0,False,adam,0.001,bce,0.9948822855949402,250,-0.7086441215444818,-0.8844549768012538,True,28.4,mnist_0v8__narrow_d5_actrelu__optadam_lr0.001_lossbce_seed0,,20251008_003902
mnist_0v8,real,narrow,5,gelu,False,0.0,False,rmsprop,0.001,bce,0.9964175820350647,250,-0.950665526126205,-1.8386513924434547,True,28.2,mnist_0v8__narrow_d5_actgelu__optrmsprop_lr0.001_lossbce_seed0,,20251008_003902
mnist_0v8,real,narrow,5,gelu,False,0.0,False,adam,0.001,bce,0.9953940510749817,250,-0.987424628825323,-2.5314273453913425,True,29.2,mnist_0v8__narrow_d5_actgelu__optadam_lr0.001_lossbce_seed0,,20251008_003902
mnist_0v8,real,wide,5,relu,False,0.0,False,rmsprop,0.001,bce,0.9969293475151062,250,-0.9714277238740074,-2.1170382053542127,True,28.2,mnist_0v8__wide_d5_actrelu__optrmsprop_lr0.001_lossbce_seed0,,20251008_003902
mnist_0v8,real,wide,5,relu,False,0.0,False,adam,0.001,bce,0.9964175820350647,350,-0.7510815335035907,-0.9754317480567605,True,29.1,mnist_0v8__wide_d5_actrelu__optadam_lr0.001_lossbce_seed0,,20251008_003902
mnist_0v8,real,wide,5,gelu,False,0.0,False,rmsprop,0.001,bce,0.9969293475151062,150,-0.9772633234116451,-2.232744839179547,True,29.5,mnist_0v8__wide_d5_actgelu__optrmsprop_lr0.001_lossbce_seed0,,20251008_003902
mnist_0v8,real,wide,5,gelu,False,0.0,False,adam,0.001,bce,0.9953940510749817,350,-0.7036754463212326,-0.8745439523491229,True,30.5,mnist_0v8__wide_d5_actgelu__optadam_lr0.001_lossbce_seed0,,20251008_003902
mnist_1v5,real,narrow,5,relu,False,0.0,False,rmsprop,0.001,bce,0.9985199570655823,350,-0.6006309955022058,-0.6941336949327299,True,27.4,mnist_1v5__narrow_d5_actrelu__optrmsprop_lr0.001_lossbce_seed0,,20251008_003902
mnist_1v5,real,narrow,5,relu,False,0.0,False,adam,0.001,bce,0.9990133047103882,350,-0.9962773362718833,-3.1422999626313204,True,28.2,mnist_1v5__narrow_d5_actrelu__optadam_lr0.001_lossbce_seed0,,20251008_003902
mnist_1v5,real,narrow,5,gelu,False,0.0,False,rmsprop,0.001,bce,0.9980266690254211,350,-0.9964221658229448,-3.1621771507837146,True,28.2,mnist_1v5__narrow_d5_actgelu__optrmsprop_lr0.001_lossbce_seed0,,20251008_003902
mnist_1v5,real,narrow,5,gelu,False,0.0,False,adam,0.001,bce,0.9990133047103882,250,-0.6869168897494868,-0.8420945664828766,True,28.7,mnist_1v5__narrow_d5_actgelu__optadam_lr0.001_lossbce_seed0,,20251008_003902
mnist_1v5,real,wide,5,relu,False,0.0,False,rmsprop,0.001,bce,0.9980266690254211,350,-0.8420328356789506,-1.2281189260407361,True,28.1,mnist_1v5__wide_d5_actrelu__optrmsprop_lr0.001_lossbce_seed0,,20251008_003902
mnist_1v5,real,wide,5,relu,False,0.0,False,adam,0.001,bce,0.9980266690254211,350,-0.9645659584220809,-2.0076768145185673,True,28.6,mnist_1v5__wide_d5_actrelu__optadam_lr0.001_lossbce_seed0,,20251008_003902
mnist_1v5,real,wide,5,gelu,False,0.0,False,rmsprop,0.001,bce,0.9990133047103882,200,-0.9999891659965936,-6.062981334927242,True,29.5,mnist_1v5__wide_d5_actgelu__optrmsprop_lr0.001_lossbce_seed0,,20251008_003902
mnist_1v5,real,wide,5,gelu,False,0.0,False,adam,0.001,bce,0.9980266690254211,350,-0.9514096371826156,-1.8464410329781544,True,33.2,mnist_1v5__wide_d5_actgelu__optadam_lr0.001_lossbce_seed0,,20251008_003902
mnist_1v7,real,narrow,5,relu,False,0.0,False,rmsprop,0.001,bce,0.9953767657279968,250,0.27212264930443536,0.2791548009884294,True,27.7,mnist_1v7__narrow_d5_actrelu__optrmsprop_lr0.001_lossbce_seed0,,20251008_003902
mnist_1v7,real,narrow,5,relu,False,0.0,False,adam,0.001,bce,0.9958391189575195,250,-0.39112878598036693,-0.41313199934976125,True,28.4,mnist_1v7__narrow_d5_actrelu__optadam_lr0.001_lossbce_seed0,,20251008_003902
mnist_1v7,real,narrow,5,gelu,False,0.0,False,rmsprop,0.001,bce,0.9967637658119202,250,-0.9487217365695318,-1.8188309846621626,True,28.9,mnist_1v7__narrow_d5_actgelu__optrmsprop_lr0.001_lossbce_seed0,,20251008_003902
mnist_1v7,real,narrow,5,gelu,False,0.0,False,adam,0.001,bce,0.9963014125823975,200,-0.9816579877167254,-2.3412474795044664,True,29.2,mnist_1v7__narrow_d5_actgelu__optadam_lr0.001_lossbce_seed0,,20251008_003902
mnist_1v7,real,wide,5,relu,False,0.0,False,rmsprop,0.001,bce,0.9972260594367981,250,-0.9402443993733911,-1.7401531512128727,True,28.5,mnist_1v7__wide_d5_actrelu__optrmsprop_lr0.001_lossbce_seed0,,20251008_003902
mnist_1v7,real,wide,5,relu,False,0.0,False,adam,0.001,bce,0.9963014125823975,150,-0.8938603662607099,-1.4408085100557189,True,29.2,mnist_1v7__wide_d5_actrelu__optadam_lr0.001_lossbce_seed0,,20251008_003902
mnist_1v7,real,wide,5,gelu,False,0.0,False,rmsprop,0.001,bce,0.9976884126663208,250,-0.5512592009710165,-0.6201884158962634,True,30.0,mnist_1v7__wide_d5_actgelu__optrmsprop_lr0.001_lossbce_seed0,,20251008_003902
mnist_1v7,real,wide,5,gelu,False,0.0,False,adam,0.001,bce,0.9963014125823975,350,-0.914383263852484,-1.5536350072676266,True,30.7,mnist_1v7__wide_d5_actgelu__optadam_lr0.001_lossbce_seed0,,20251008_003902
mnist_2v6,real,narrow,5,relu,False,0.0,False,rmsprop,0.001,bce,0.9954773783683777,350,-0.9983137956972494,-3.538789486766555,True,27.9,mnist_2v6__narrow_d5_actrelu__optrmsprop_lr0.001_lossbce_seed0,,20251008_003902
mnist_2v6,real,narrow,5,relu,False,0.0,False,adam,0.001,bce,0.9954773783683777,50,-0.9466966663868079,-1.7989451621485066,True,28.3,mnist_2v6__narrow_d5_actrelu__optadam_lr0.001_lossbce_seed0,,20251008_003902
mnist_2v6,real,narrow,5,gelu,False,0.0,False,rmsprop,0.001,bce,0.995979905128479,350,-0.9551934826083027,-1.8879454146375894,True,28.7,mnist_2v6__narrow_d5_actgelu__optrmsprop_lr0.001_lossbce_seed0,,20251008_003902
mnist_2v6,real,narrow,5,gelu,False,0.0,False,adam,0.001,bce,0.9944723844528198,350,-0.6516417549354713,-0.778146842546606,True,29.6,mnist_2v6__narrow_d5_actgelu__optadam_lr0.001_lossbce_seed0,,20251008_003902
mnist_2v6,real,wide,5,relu,False,0.0,False,rmsprop,0.001,bce,0.9949748516082764,250,-0.8308754874434463,-1.1909571677679291,True,28.0,mnist_2v6__wide_d5_actrelu__optrmsprop_lr0.001_lossbce_seed0,,20251008_003902
mnist_2v6,real,wide,5,relu,False,0.0,False,adam,0.001,bce,0.9949748516082764,350,-0.9603224675151537,-1.9500395839065068,True,29.0,mnist_2v6__wide_d5_actrelu__optadam_lr0.001_lossbce_seed0,,20251008_003902
mnist_2v6,real,wide,5,gelu,False,0.0,False,rmsprop,0.001,bce,0.995979905128479,150,-0.7099954253175005,-0.8871746383084321,True,29.8,mnist_2v6__wide_d5_actgelu__optrmsprop_lr0.001_lossbce_seed0,,20251008_003902
mnist_2v6,real,wide,5,gelu,False,0.0,False,adam,0.001,bce,0.9954773783683777,200,-0.8667032957597717,-1.3196758540457143,True,30.5,mnist_2v6__wide_d5_actgelu__optadam_lr0.001_lossbce_seed0,,20251008_003902
mnist_2v7,real,narrow,5,relu,False,0.0,False,rmsprop,0.001,bce,0.99320387840271,250,-0.30432883659004356,-0.3142834018364257,True,27.8,mnist_2v7__narrow_d5_actrelu__optrmsprop_lr0.001_lossbce_seed0,,20251008_003902
mnist_2v7,real,narrow,5,relu,False,0.0,False,adam,0.001,bce,0.9917475581169128,250,-0.9582811656896302,-1.9244348611186712,True,31.3,mnist_2v7__narrow_d5_actrelu__optadam_lr0.001_lossbce_seed0,,20251008_003902
mnist_2v7,real,narrow,5,gelu,False,0.0,False,rmsprop,0.001,bce,0.9912621378898621,350,-0.6706204395140121,-0.8118697960018119,True,28.9,mnist_2v7__narrow_d5_actgelu__optrmsprop_lr0.001_lossbce_seed0,,20251008_003902
mnist_2v7,real,narrow,5,gelu,False,0.0,False,adam,0.001,bce,0.9922330379486084,250,-0.9935341131641771,-2.8655620505704573,True,29.5,mnist_2v7__narrow_d5_actgelu__optadam_lr0.001_lossbce_seed0,,20251008_003902
mnist_2v7,real,wide,5,relu,False,0.0,False,rmsprop,0.001,bce,0.9917475581169128,250,-0.9645287782241809,-2.007142987252076,True,28.4,mnist_2v7__wide_d5_actrelu__optrmsprop_lr0.001_lossbce_seed0,,20251008_003902
mnist_2v7,real,wide,5,relu,False,0.0,False,adam,0.001,bce,0.9922330379486084,350,-0.962750370304881,-1.9822300075195864,True,29.1,mnist_2v7__wide_d5_actrelu__optadam_lr0.001_lossbce_seed0,,20251008_003902
mnist_2v7,real,wide,5,gelu,False,0.0,False,rmsprop,0.001,bce,0.9927184581756592,350,-0.2831591570429478,-0.2911132840043712,True,30.1,mnist_2v7__wide_d5_actgelu__optrmsprop_lr0.001_lossbce_seed0,,20251008_003902
mnist_2v7,real,wide,5,gelu,False,0.0,False,adam,0.001,bce,0.9927184581756592,250,-0.6488842381696712,-0.7733690719939117,True,30.8,mnist_2v7__wide_d5_actgelu__optadam_lr0.001_lossbce_seed0,,20251008_003902
mnist_3v5,real,narrow,5,relu,False,0.0,False,rmsprop,0.001,bce,0.988959014415741,200,-0.33687753543287885,-0.3505661452361868,True,27.4,mnist_3v5__narrow_d5_actrelu__optrmsprop_lr0.001_lossbce_seed0,,20251008_003902
mnist_3v5,real,narrow,5,relu,False,0.0,False,adam,0.001,bce,0.9884332418441772,200,-0.981007482155599,-2.323657859852826,True,28.4,mnist_3v5__narrow_d5_actrelu__optadam_lr0.001_lossbce_seed0,,20251008_003902
mnist_3v5,real,narrow,5,gelu,False,0.0,False,rmsprop,0.001,bce,0.9910620450973511,350,-0.694676928009352,-0.8569384651397011,True,28.5,mnist_3v5__narrow_d5_actgelu__optrmsprop_lr0.001_lossbce_seed0,,20251008_003902
mnist_3v5,real,narrow,5,gelu,False,0.0,False,adam,0.001,bce,0.9931650757789612,350,-0.9993257740615547,-3.997377646867883,True,29.0,mnist_3v5__narrow_d5_actgelu__optadam_lr0.001_lossbce_seed0,,20251008_003902
mnist_3v5,real,wide,5,relu,False,0.0,False,rmsprop,0.001,bce,0.9936908483505249,350,-0.3241893230988009,-0.3363213732446326,True,27.8,mnist_3v5__wide_d5_actrelu__optrmsprop_lr0.001_lossbce_seed0,,20251008_003902
mnist_3v5,real,wide,5,relu,False,0.0,False,adam,0.001,bce,0.9942166209220886,350,-0.04257618991680673,-0.04260194434069514,True,29.2,mnist_3v5__wide_d5_actrelu__optadam_lr0.001_lossbce_seed0,,20251008_003902
mnist_3v5,real,wide,5,gelu,False,0.0,False,rmsprop,0.001,bce,0.9921135902404785,150,0.7151966836667472,0.8977421067397499,True,29.3,mnist_3v5__wide_d5_actgelu__optrmsprop_lr0.001_lossbce_seed0,,20251008_003902
mnist_3v5,real,wide,5,gelu,False,0.0,False,adam,0.001,bce,0.9921135902404785,250,0.5908546494073748,0.6789780964114971,True,30.5,mnist_3v5__wide_d5_actgelu__optadam_lr0.001_lossbce_seed0,,20251008_003902
mnist_4v7,real,narrow,5,relu,False,0.0,False,rmsprop,0.001,bce,0.9965174198150635,350,-0.5045491222620712,-0.5553901668302009,True,27.8,mnist_4v7__narrow_d5_actrelu__optrmsprop_lr0.001_lossbce_seed0,,20251008_003902
mnist_4v7,real,narrow,5,relu,False,0.0,False,adam,0.001,bce,0.9965174198150635,350,0.14012988924658676,0.14105806450029995,True,28.5,mnist_4v7__narrow_d5_actrelu__optadam_lr0.001_lossbce_seed0,,20251008_003902
mnist_4v7,real,narrow,5,gelu,False,0.0,False,rmsprop,0.001,bce,0.9960198998451233,350,-0.8871470585592893,-1.4083679534117899,True,28.5,mnist_4v7__narrow_d5_actgelu__optrmsprop_lr0.001_lossbce_seed0,,20251008_003902
mnist_4v7,real,narrow,5,gelu,False,0.0,False,adam,0.001,bce,0.9965174198150635,350,-0.3517806736632741,-0.3674744570834936,True,29.6,mnist_4v7__narrow_d5_actgelu__optadam_lr0.001_lossbce_seed0,,20251008_003902
mnist_4v7,real,wide,5,relu,False,0.0,False,rmsprop,0.001,bce,0.9970149397850037,250,-0.030583276822929106,-0.030592817399335257,True,31.3,mnist_4v7__wide_d5_actrelu__optrmsprop_lr0.001_lossbce_seed0,,20251008_003902
mnist_4v7,real,wide,5,relu,False,0.0,False,adam,0.001,bce,0.9970149397850037,250,-0.8103691112334691,-1.128103270170273,True,29.5,mnist_4v7__wide_d5_actrelu__optadam_lr0.001_lossbce_seed0,,20251008_003902
mnist_4v7,real,wide,5,gelu,False,0.0,False,rmsprop,0.001,bce,0.9970149397850037,350,-0.1190758953631697,-0.1196435274489406,True,30.1,mnist_4v7__wide_d5_actgelu__optrmsprop_lr0.001_lossbce_seed0,,20251008_003902
mnist_4v7,real,wide,5,gelu,False,0.0,False,adam,0.001,bce,0.9960198998451233,350,-0.10822019174158837,-0.10864566309651036,True,31.1,mnist_4v7__wide_d5_actgelu__optadam_lr0.001_lossbce_seed0,,20251008_003902
mnist_4v9,real,narrow,5,relu,False,0.0,False,rmsprop,0.001,bce,0.9874435067176819,350,0.15880431914351928,0.16015984191538618,True,27.7,mnist_4v9__narrow_d5_actrelu__optrmsprop_lr0.001_lossbce_seed0,,20251008_003902
mnist_4v9,real,narrow,5,relu,False,0.0,False,adam,0.001,bce,0.988950252532959,350,0.16141297783525727,0.16283713407896472,True,29.1,mnist_4v9__narrow_d5_actrelu__optadam_lr0.001_lossbce_seed0,,20251008_003902
mnist_4v9,real,narrow,5,gelu,False,0.0,False,rmsprop,0.001,bce,0.9884480237960815,350,0.4514110295469224,0.4864710063292135,True,28.8,mnist_4v9__narrow_d5_actgelu__optrmsprop_lr0.001_lossbce_seed0,,20251008_003902
mnist_4v9,real,narrow,5,gelu,False,0.0,False,adam,0.001,bce,0.9884480237960815,350,0.104544322781705,0.10492771303107619,True,29.8,mnist_4v9__narrow_d5_actgelu__optadam_lr0.001_lossbce_seed0,,20251008_003902
mnist_4v9,real,wide,5,relu,False,0.0,False,rmsprop,0.001,bce,0.9894525408744812,250,-0.22516683428863338,-0.2290922844160465,True,28.7,mnist_4v9__wide_d5_actrelu__optrmsprop_lr0.001_lossbce_seed0,,20251008_003902
mnist_4v9,real,wide,5,relu,False,0.0,False,adam,0.001,bce,0.9894525408744812,250,-0.6945720494181051,-0.8567357999480764,True,29.4,mnist_4v9__wide_d5_actrelu__optadam_lr0.001_lossbce_seed0,,20251008_003902
mnist_4v9,real,wide,5,gelu,False,0.0,False,rmsprop,0.001,bce,0.9914615750312805,350,-0.5992717636322598,-0.692010087063222,True,29.8,mnist_4v9__wide_d5_actgelu__optrmsprop_lr0.001_lossbce_seed0,,20251008_003902
mnist_4v9,real,wide,5,gelu,False,0.0,False,adam,0.001,bce,0.9909593462944031,250,-0.33060765820404947,-0.3435103272157929,True,31.1,mnist_4v9__wide_d5_actgelu__optadam_lr0.001_lossbce_seed0,,20251008_003902
mnist_6v7,real,narrow,5,relu,False,0.0,False,rmsprop,0.001,bce,0.9979858994483948,250,-0.9870661889229316,-2.517284828376198,True,27.6,mnist_6v7__narrow_d5_actrelu__optrmsprop_lr0.001_lossbce_seed0,,20251008_003902
mnist_6v7,real,narrow,5,relu,False,0.0,False,adam,0.001,bce,0.9974823594093323,250,-0.9767393395683717,-2.2212202139457458,True,28.3,mnist_6v7__narrow_d5_actrelu__optadam_lr0.001_lossbce_seed0,,20251008_003902
mnist_6v7,real,narrow,5,gelu,False,0.0,False,rmsprop,0.001,bce,0.9989929795265198,200,-0.4755450005672055,-0.5172115326803003,True,28.5,mnist_6v7__narrow_d5_actgelu__optrmsprop_lr0.001_lossbce_seed0,,20251008_003902
mnist_6v7,real,narrow,5,gelu,False,0.0,False,adam,0.001,bce,0.9979858994483948,200,-0.9962791834778284,-3.142548589582629,True,29.3,mnist_6v7__narrow_d5_actgelu__optadam_lr0.001_lossbce_seed0,,20251008_003902
mnist_6v7,real,wide,5,relu,False,0.0,False,rmsprop,0.001,bce,0.9989929795265198,250,-0.3826020801839416,-0.4031044126286156,True,28.0,mnist_6v7__wide_d5_actrelu__optrmsprop_lr0.001_lossbce_seed0,,20251008_003902
mnist_6v7,real,wide,5,relu,False,0.0,False,adam,0.001,bce,0.9984894394874573,200,-0.5827319477734149,-0.6665894436858439,True,29.2,mnist_6v7__wide_d5_actrelu__optadam_lr0.001_lossbce_seed0,,20251008_003902
mnist_6v7,real,wide,5,gelu,False,0.0,False,rmsprop,0.001,bce,0.9984894394874573,250,-0.7783952395844823,-1.0412856245938384,True,29.6,mnist_6v7__wide_d5_actgelu__optrmsprop_lr0.001_lossbce_seed0,,20251008_003902
mnist_6v7,real,wide,5,gelu,False,0.0,False,adam,0.001,bce,0.9989929795265198,250,-0.9631648698748876,-1.9879305833506817,True,30.8,mnist_6v7__wide_d5_actgelu__optadam_lr0.001_lossbce_seed0,,20251008_003902
mnist_6v8,real,narrow,5,relu,False,0.0,False,rmsprop,0.001,bce,0.9948239922523499,250,-0.8772989504869382,-1.3639191945533313,True,27.3,mnist_6v8__narrow_d5_actrelu__optrmsprop_lr0.001_lossbce_seed0,,20251008_003902
mnist_6v8,real,narrow,5,relu,False,0.0,False,adam,0.001,bce,0.9963768124580383,250,-0.9917382425615886,-2.7425628476656008,True,31.8,mnist_6v8__narrow_d5_actrelu__optadam_lr0.001_lossbce_seed0,,20251008_003902
mnist_6v8,real,narrow,5,gelu,False,0.0,False,rmsprop,0.001,bce,0.9953415989875793,350,-0.9733647703104844,-2.1526303030272467,True,28.3,mnist_6v8__narrow_d5_actgelu__optrmsprop_lr0.001_lossbce_seed0,,20251008_003902
mnist_6v8,real,narrow,5,gelu,False,0.0,False,adam,0.001,bce,0.9963768124580383,350,-0.9855884373982494,-2.462819874183545,True,29.4,mnist_6v8__narrow_d5_actgelu__optadam_lr0.001_lossbce_seed0,,20251008_003902
mnist_6v8,real,wide,5,relu,False,0.0,False,rmsprop,0.001,bce,0.9953415989875793,200,-0.9987989518067565,-3.708553542584645,True,28.1,mnist_6v8__wide_d5_actrelu__optrmsprop_lr0.001_lossbce_seed0,,20251008_003902
mnist_6v8,real,wide,5,relu,False,0.0,False,adam,0.001,bce,0.9953415989875793,150,-0.9971195814009488,-3.2707627908327552,True,29.0,mnist_6v8__wide_d5_actrelu__optadam_lr0.001_lossbce_seed0,,20251008_003902
mnist_6v8,real,wide,5,gelu,False,0.0,False,rmsprop,0.001,bce,0.9953415989875793,350,-0.937933677863489,-1.720587022363112,True,29.5,mnist_6v8__wide_d5_actgelu__optrmsprop_lr0.001_lossbce_seed0,,20251008_003902
mnist_6v8,real,wide,5,gelu,False,0.0,False,adam,0.001,bce,0.9953415989875793,250,-0.9932862265043382,-2.8466893819721704,True,30.8,mnist_6v8__wide_d5_actgelu__optadam_lr0.001_lossbce_seed0,,20251008_003902
paper_syn_A_sin_bands_1k_each,synthetic,narrow,5,relu,False,0.0,False,rmsprop,0.001,bce,0.9994999766349792,50,-0.95954705093518,-1.9401645408929116,True,28.3,paper_syn_A_sin_bands_1k_each__narrow_d5_actrelu__optrmsprop_lr0.001_lossbce_seed0,,20251008_003902
paper_syn_A_sin_bands_1k_each,synthetic,narrow,5,relu,False,0.0,False,adam,0.001,bce,0.9994999766349792,5,-0.9889039539300801,-2.594375077061159,True,28.3,paper_syn_A_sin_bands_1k_each__narrow_d5_actrelu__optadam_lr0.001_lossbce_seed0,,20251008_003902
paper_syn_A_sin_bands_1k_each,synthetic,narrow,5,gelu,False,0.0,False,rmsprop,0.001,bce,0.9980000257492065,90,-0.992642054242046,-2.80071795889468,True,27.8,paper_syn_A_sin_bands_1k_each__narrow_d5_actgelu__optrmsprop_lr0.001_lossbce_seed0,,20251008_003902
paper_syn_A_sin_bands_1k_each,synthetic,narrow,5,gelu,False,0.0,False,adam,0.001,bce,0.9990000128746033,90,-0.978768952953001,-2.267382797838829,True,28.0,paper_syn_A_sin_bands_1k_each__narrow_d5_actgelu__optadam_lr0.001_lossbce_seed0,,20251008_003902
paper_syn_A_sin_bands_1k_each,synthetic,wide,5,relu,False,0.0,False,rmsprop,0.001,bce,0.9994999766349792,90,-0.8737278598591514,-1.348622906580958,True,25.6,paper_syn_A_sin_bands_1k_each__wide_d5_actrelu__optrmsprop_lr0.001_lossbce_seed0,,20251008_003902
paper_syn_A_sin_bands_1k_each,synthetic,wide,5,relu,False,0.0,False,adam,0.001,bce,0.9994999766349792,90,-0.8449144544001367,-1.238105658725232,True,26.9,paper_syn_A_sin_bands_1k_each__wide_d5_actrelu__optadam_lr0.001_lossbce_seed0,,20251008_003902
paper_syn_A_sin_bands_1k_each,synthetic,wide,5,gelu,False,0.0,False,rmsprop,0.001,bce,0.9984999895095825,90,-0.9766114379524529,-2.218446080565644,True,28.2,paper_syn_A_sin_bands_1k_each__wide_d5_actgelu__optrmsprop_lr0.001_lossbce_seed0,,20251008_003902
paper_syn_A_sin_bands_1k_each,synthetic,wide,5,gelu,False,0.0,False,adam,0.001,bce,0.9994999766349792,4,-0.9985695440057356,-3.62109685254905,True,27.9,paper_syn_A_sin_bands_1k_each__wide_d5_actgelu__optadam_lr0.001_lossbce_seed0,,20251008_003902
paper_syn_A_sin_bands_off0.90_nz0.08,synthetic,narrow,5,relu,False,0.0,False,rmsprop,0.001,bce,1.0,4,-0.9985237446673049,-3.6053276792386177,True,18.5,paper_syn_A_sin_bands_off0.90_nz0.08__narrow_d5_actrelu__optrmsprop_lr0.001_lossbce_seed0,,20251008_003902
paper_syn_A_sin_bands_off0.90_nz0.08,synthetic,narrow,5,relu,False,0.0,False,adam,0.001,bce,1.0,20,-0.9855763777475812,-2.4623986104306628,True,20.7,paper_syn_A_sin_bands_off0.90_nz0.08__narrow_d5_actrelu__optadam_lr0.001_lossbce_seed0,,20251008_003902
paper_syn_A_sin_bands_off0.90_nz0.08,synthetic,narrow,5,gelu,False,0.0,False,rmsprop,0.001,bce,1.0,90,-0.9913711024678047,-2.720730964023474,True,26.7,paper_syn_A_sin_bands_off0.90_nz0.08__narrow_d5_actgelu__optrmsprop_lr0.001_lossbce_seed0,,20251008_003902
paper_syn_A_sin_bands_off0.90_nz0.08,synthetic,narrow,5,gelu,False,0.0,False,adam,0.001,bce,1.0,90,-0.9888080026396386,-2.5900458715445414,True,27.7,paper_syn_A_sin_bands_off0.90_nz0.08__narrow_d5_actgelu__optadam_lr0.001_lossbce_seed0,,20251008_003902
paper_syn_A_sin_bands_off0.90_nz0.08,synthetic,wide,5,relu,False,0.0,False,rmsprop,0.001,bce,1.0,5,-0.9366465595417719,-1.7099919823810756,True,18.1,paper_syn_A_sin_bands_off0.90_nz0.08__wide_d5_actrelu__optrmsprop_lr0.001_lossbce_seed0,,20251008_003902
paper_syn_A_sin_bands_off0.90_nz0.08,synthetic,wide,5,relu,False,0.0,False,adam,0.001,bce,1.0,5,-0.9829978712374071,-2.379513248733724,True,20.1,paper_syn_A_sin_bands_off0.90_nz0.08__wide_d5_actrelu__optadam_lr0.001_lossbce_seed0,,20251008_003902
paper_syn_A_sin_bands_off0.90_nz0.08,synthetic,wide,5,gelu,False,0.0,False,rmsprop,0.001,bce,1.0,90,-0.9978189063832104,-3.4099924537824347,True,31.0,paper_syn_A_sin_bands_off0.90_nz0.08__wide_d5_actgelu__optrmsprop_lr0.001_lossbce_seed0,,20251008_003902
paper_syn_A_sin_bands_off0.90_nz0.08,synthetic,wide,5,gelu,False,0.0,False,adam,0.001,bce,1.0,90,-0.9910157057411366,-2.700461110921783,True,27.8,paper_syn_A_sin_bands_off0.90_nz0.08__wide_d5_actgelu__optadam_lr0.001_lossbce_seed0,,20251008_003902
paper_syn_A_sin_bands_off0.90_nz0.10,synthetic,narrow,5,relu,False,0.0,False,rmsprop,0.001,bce,1.0,20,-0.9981098218760482,-3.4816429267470057,True,20.8,paper_syn_A_sin_bands_off0.90_nz0.10__narrow_d5_actrelu__optrmsprop_lr0.001_lossbce_seed0,,20251008_003902
paper_syn_A_sin_bands_off0.90_nz0.10,synthetic,narrow,5,relu,False,0.0,False,adam,0.001,bce,1.0,4,-0.9343660430276,-1.6917208633217935,True,22.7,paper_syn_A_sin_bands_off0.90_nz0.10__narrow_d5_actrelu__optadam_lr0.001_lossbce_seed0,,20251008_003902
paper_syn_A_sin_bands_off0.90_nz0.10,synthetic,narrow,5,gelu,False,0.0,False,rmsprop,0.001,bce,0.9994999766349792,90,-0.9999959158162774,-6.550766905603087,True,26.8,paper_syn_A_sin_bands_off0.90_nz0.10__narrow_d5_actgelu__optrmsprop_lr0.001_lossbce_seed0,,20251008_003902
paper_syn_A_sin_bands_off0.90_nz0.10,synthetic,narrow,5,gelu,False,0.0,False,adam,0.001,bce,0.9994999766349792,90,-0.9526527117408565,-1.859717272118552,True,26.1,paper_syn_A_sin_bands_off0.90_nz0.10__narrow_d5_actgelu__optadam_lr0.001_lossbce_seed0,,20251008_003902
paper_syn_A_sin_bands_off0.90_nz0.10,synthetic,wide,5,relu,False,0.0,False,rmsprop,0.001,bce,1.0,15,-0.8787177736387699,-1.3701122544539495,True,16.9,paper_syn_A_sin_bands_off0.90_nz0.10__wide_d5_actrelu__optrmsprop_lr0.001_lossbce_seed0,,20251008_003902
paper_syn_A_sin_bands_off0.90_nz0.10,synthetic,wide,5,relu,False,0.0,False,adam,0.001,bce,1.0,90,-0.9999863231550961,-5.946473325080595,True,21.3,paper_syn_A_sin_bands_off0.90_nz0.10__wide_d5_actrelu__optadam_lr0.001_lossbce_seed0,,20251008_003902
paper_syn_A_sin_bands_off0.90_nz0.10,synthetic,wide,5,gelu,False,0.0,False,rmsprop,0.001,bce,0.9990000128746033,90,-0.9995880041643224,-4.243719238833002,True,27.6,paper_syn_A_sin_bands_off0.90_nz0.10__wide_d5_actgelu__optrmsprop_lr0.001_lossbce_seed0,,20251008_003902
paper_syn_A_sin_bands_off0.90_nz0.10,synthetic,wide,5,gelu,False,0.0,False,adam,0.001,bce,0.9994999766349792,90,-0.999810333967316,-4.631649049086713,True,27.5,paper_syn_A_sin_bands_off0.90_nz0.10__wide_d5_actgelu__optadam_lr0.001_lossbce_seed0,,20251008_003902
paper_syn_A_sin_bands_off0.90_nz0.12,synthetic,narrow,5,relu,False,0.0,False,rmsprop,0.001,bce,1.0,4,-0.9061618315849544,-1.505637650508375,True,25.4,paper_syn_A_sin_bands_off0.90_nz0.12__narrow_d5_actrelu__optrmsprop_lr0.001_lossbce_seed0,,20251008_003902
paper_syn_A_sin_bands_off0.90_nz0.12,synthetic,narrow,5,relu,False,0.0,False,adam,0.001,bce,1.0,5,-0.9925664273971369,-2.7955860854107546,True,26.5,paper_syn_A_sin_bands_off0.90_nz0.12__narrow_d5_actrelu__optadam_lr0.001_lossbce_seed0,,20251008_003902
paper_syn_A_sin_bands_off0.90_nz0.12,synthetic,narrow,5,gelu,False,0.0,False,rmsprop,0.001,bce,0.9980000257492065,90,-0.9985561228402198,-3.6164241463956457,True,26.9,paper_syn_A_sin_bands_off0.90_nz0.12__narrow_d5_actgelu__optrmsprop_lr0.001_lossbce_seed0,,20251008_003902
paper_syn_A_sin_bands_off0.90_nz0.12,synthetic,narrow,5,gelu,False,0.0,False,adam,0.001,bce,0.9990000128746033,90,-0.9996565017517074,-4.334651981292473,True,27.1,paper_syn_A_sin_bands_off0.90_nz0.12__narrow_d5_actgelu__optadam_lr0.001_lossbce_seed0,,20251008_003902
paper_syn_A_sin_bands_off0.90_nz0.12,synthetic,wide,5,relu,False,0.0,False,rmsprop,0.001,bce,1.0,90,-0.8366904341018697,-1.210036488491811,True,24.7,paper_syn_A_sin_bands_off0.90_nz0.12__wide_d5_actrelu__optrmsprop_lr0.001_lossbce_seed0,,20251008_003902
paper_syn_A_sin_bands_off0.90_nz0.12,synthetic,wide,5,relu,False,0.0,False,adam,0.001,bce,1.0,4,-0.9436101064152221,-1.770006225836712,True,25.3,paper_syn_A_sin_bands_off0.90_nz0.12__wide_d5_actrelu__optadam_lr0.001_lossbce_seed0,,20251008_003902
paper_syn_A_sin_bands_off0.90_nz0.12,synthetic,wide,5,gelu,False,0.0,False,rmsprop,0.001,bce,0.9975000023841858,90,-0.9997083258921993,-4.416437390505671,True,27.8,paper_syn_A_sin_bands_off0.90_nz0.12__wide_d5_actgelu__optrmsprop_lr0.001_lossbce_seed0,,20251008_003902
paper_syn_A_sin_bands_off0.90_nz0.12,synthetic,wide,5,gelu,False,0.0,False,adam,0.001,bce,0.9984999895095825,90,-0.9958704167806023,-3.090329523415373,True,28.4,paper_syn_A_sin_bands_off0.90_nz0.12__wide_d5_actgelu__optadam_lr0.001_lossbce_seed0,,20251008_003902
paper_syn_A_sin_bands_off0.90_nz0.15,synthetic,narrow,5,relu,False,0.0,False,rmsprop,0.001,bce,0.9975000023841858,90,-0.5553513798569701,-0.6260862071211223,True,28.8,paper_syn_A_sin_bands_off0.90_nz0.15__narrow_d5_actrelu__optrmsprop_lr0.001_lossbce_seed0,,20251008_003902
paper_syn_A_sin_bands_off0.90_nz0.15,synthetic,narrow,5,relu,False,0.0,False,adam,0.001,bce,0.9984999895095825,4,-0.8044326292214901,-1.1110482804440982,True,29.2,paper_syn_A_sin_bands_off0.90_nz0.15__narrow_d5_actrelu__optadam_lr0.001_lossbce_seed0,,20251008_003902
paper_syn_A_sin_bands_off0.90_nz0.15,synthetic,narrow,5,gelu,False,0.0,False,rmsprop,0.001,bce,0.9959999918937683,90,-0.9994979414403725,-4.144844956099278,True,29.6,paper_syn_A_sin_bands_off0.90_nz0.15__narrow_d5_actgelu__optrmsprop_lr0.001_lossbce_seed0,,20251008_003902
paper_syn_A_sin_bands_off0.90_nz0.15,synthetic,narrow,5,gelu,False,0.0,False,adam,0.001,bce,0.9980000257492065,90,-0.9532151611259252,-1.8658364497996618,True,29.1,paper_syn_A_sin_bands_off0.90_nz0.15__narrow_d5_actgelu__optadam_lr0.001_lossbce_seed0,,20251008_003902
paper_syn_A_sin_bands_off0.90_nz0.15,synthetic,wide,5,relu,False,0.0,False,rmsprop,0.001,bce,0.9984999895095825,90,-0.706365431906355,-0.8798924402480032,True,31.9,paper_syn_A_sin_bands_off0.90_nz0.15__wide_d5_actrelu__optrmsprop_lr0.001_lossbce_seed0,,20251008_003902
paper_syn_A_sin_bands_off0.90_nz0.15,synthetic,wide,5,relu,False,0.0,False,adam,0.001,bce,0.9990000128746033,90,-0.9999748106501074,-5.641111930946335,True,28.2,paper_syn_A_sin_bands_off0.90_nz0.15__wide_d5_actrelu__optadam_lr0.001_lossbce_seed0,,20251008_003902
paper_syn_A_sin_bands_off0.90_nz0.15,synthetic,wide,5,gelu,False,0.0,False,rmsprop,0.001,bce,0.9959999918937683,90,-0.9999796439278834,-5.747634154473923,True,28.9,paper_syn_A_sin_bands_off0.90_nz0.15__wide_d5_actgelu__optrmsprop_lr0.001_lossbce_seed0,,20251008_003902
paper_syn_A_sin_bands_off0.90_nz0.15,synthetic,wide,5,gelu,False,0.0,False,adam,0.001,bce,0.9994999766349792,90,-0.9954403460887111,-3.0406866529127456,True,26.7,paper_syn_A_sin_bands_off0.90_nz0.15__wide_d5_actgelu__optadam_lr0.001_lossbce_seed0,,20251008_003902
paper_syn_B_two_spirals_1k_each,synthetic,narrow,5,relu,False,0.0,False,rmsprop,0.001,bce,0.6380000114440918,90,-0.8283504213291311,-1.1828571824471377,True,37.3,paper_syn_B_two_spirals_1k_each__narrow_d5_actrelu__optrmsprop_lr0.001_lossbce_seed0,,20251008_003902
paper_syn_B_two_spirals_1k_each,synthetic,narrow,5,relu,False,0.0,False,adam,0.001,bce,0.6345000267028809,6,-0.9651474135235945,-2.0160975946207054,True,37.9,paper_syn_B_two_spirals_1k_each__narrow_d5_actrelu__optadam_lr0.001_lossbce_seed0,,20251008_003902
paper_syn_B_two_spirals_1k_each,synthetic,narrow,5,gelu,False,0.0,False,rmsprop,0.001,bce,0.6395000219345093,9,-0.9932876302174669,-2.846794284816273,True,37.1,paper_syn_B_two_spirals_1k_each__narrow_d5_actgelu__optrmsprop_lr0.001_lossbce_seed0,,20251008_003902
paper_syn_B_two_spirals_1k_each,synthetic,narrow,5,gelu,False,0.0,False,adam,0.001,bce,0.6495000123977661,7,-0.8532805148954378,-1.2680950499429253,True,38.0,paper_syn_B_two_spirals_1k_each__narrow_d5_actgelu__optadam_lr0.001_lossbce_seed0,,20251008_003902
paper_syn_B_two_spirals_1k_each,synthetic,wide,5,relu,False,0.0,False,rmsprop,0.001,bce,0.6504999995231628,20,-0.8705803574271036,-1.335471922700249,True,38.1,paper_syn_B_two_spirals_1k_each__wide_d5_actrelu__optrmsprop_lr0.001_lossbce_seed0,,20251008_003902
paper_syn_B_two_spirals_1k_each,synthetic,wide,5,relu,False,0.0,False,adam,0.001,bce,0.6399999856948853,20,-0.9678554497922289,-2.057228349856592,True,37.8,paper_syn_B_two_spirals_1k_each__wide_d5_actrelu__optadam_lr0.001_lossbce_seed0,,20251008_003902
paper_syn_B_two_spirals_1k_each,synthetic,wide,5,gelu,False,0.0,False,rmsprop,0.001,bce,0.6570000052452087,90,-0.9709317981480996,-2.108308423515796,True,37.7,paper_syn_B_two_spirals_1k_each__wide_d5_actgelu__optrmsprop_lr0.001_lossbce_seed0,,20251008_003902
paper_syn_B_two_spirals_1k_each,synthetic,wide,5,gelu,False,0.0,False,adam,0.001,bce,0.6395000219345093,6,-0.943940869019941,-1.77303276168742,True,38.3,paper_syn_B_two_spirals_1k_each__wide_d5_actgelu__optadam_lr0.001_lossbce_seed0,,20251008_003902
paper_syn_B_two_spirals_nz0.20_t3.5,synthetic,narrow,5,relu,False,0.0,False,rmsprop,0.001,bce,0.625,7,-0.5115769187076342,-0.5648633509004795,True,34.3,paper_syn_B_two_spirals_nz0.20_t3.5__narrow_d5_actrelu__optrmsprop_lr0.001_lossbce_seed0,,20251008_003902
paper_syn_B_two_spirals_nz0.20_t3.5,synthetic,narrow,5,relu,False,0.0,False,adam,0.001,bce,0.6269999742507935,10,-0.961747285926011,-1.968688156786135,True,35.9,paper_syn_B_two_spirals_nz0.20_t3.5__narrow_d5_actrelu__optadam_lr0.001_lossbce_seed0,,20251008_003902
paper_syn_B_two_spirals_nz0.20_t3.5,synthetic,narrow,5,gelu,False,0.0,False,rmsprop,0.001,bce,0.6330000162124634,15,-0.999319518392618,-3.992758323096652,True,35.6,paper_syn_B_two_spirals_nz0.20_t3.5__narrow_d5_actgelu__optrmsprop_lr0.001_lossbce_seed0,,20251008_003902
paper_syn_B_two_spirals_nz0.20_t3.5,synthetic,narrow,5,gelu,False,0.0,False,adam,0.001,bce,0.625,90,-0.9977838401013714,-3.402008921257786,True,36.2,paper_syn_B_two_spirals_nz0.20_t3.5__narrow_d5_actgelu__optadam_lr0.001_lossbce_seed0,,20251008_003902
paper_syn_B_two_spirals_nz0.20_t3.5,synthetic,wide,5,relu,False,0.0,False,rmsprop,0.001,bce,0.6359999775886536,9,-0.9459053372832881,-1.7913735458466966,True,34.9,paper_syn_B_two_spirals_nz0.20_t3.5__wide_d5_actrelu__optrmsprop_lr0.001_lossbce_seed0,,20251008_003902
paper_syn_B_two_spirals_nz0.20_t3.5,synthetic,wide,5,relu,False,0.0,False,adam,0.001,bce,0.6165000200271606,18,-0.8721316867439017,-1.3419160341970582,True,35.2,paper_syn_B_two_spirals_nz0.20_t3.5__wide_d5_actrelu__optadam_lr0.001_lossbce_seed0,,20251008_003902
paper_syn_B_two_spirals_nz0.20_t3.5,synthetic,wide,5,gelu,False,0.0,False,rmsprop,0.001,bce,0.6365000009536743,18,-0.9994009163393065,-4.056478448095713,True,35.4,paper_syn_B_two_spirals_nz0.20_t3.5__wide_d5_actgelu__optrmsprop_lr0.001_lossbce_seed0,,20251008_003902
paper_syn_B_two_spirals_nz0.20_t3.5,synthetic,wide,5,gelu,False,0.0,False,adam,0.001,bce,0.6274999976158142,9,-0.9087397238229444,-1.52024143551833,True,36.7,paper_syn_B_two_spirals_nz0.20_t3.5__wide_d5_actgelu__optadam_lr0.001_lossbce_seed0,,20251008_003902
paper_syn_B_two_spirals_nz0.30_t3.5,synthetic,narrow,5,relu,False,0.0,False,rmsprop,0.001,bce,0.6420000195503235,7,-0.8350935385128959,-1.2047361603910578,True,36.8,paper_syn_B_two_spirals_nz0.30_t3.5__narrow_d5_actrelu__optrmsprop_lr0.001_lossbce_seed0,,20251008_003902
paper_syn_B_two_spirals_nz0.30_t3.5,synthetic,narrow,5,relu,False,0.0,False,adam,0.001,bce,0.6495000123977661,6,-0.9469554713155712,-1.8014452050167333,True,37.5,paper_syn_B_two_spirals_nz0.30_t3.5__narrow_d5_actrelu__optadam_lr0.001_lossbce_seed0,,20251008_003902
paper_syn_B_two_spirals_nz0.30_t3.5,synthetic,narrow,5,gelu,False,0.0,False,rmsprop,0.001,bce,0.656499981880188,9,-0.9922330605122972,-2.7735676155456463,True,36.9,paper_syn_B_two_spirals_nz0.30_t3.5__narrow_d5_actgelu__optrmsprop_lr0.001_lossbce_seed0,,20251008_003902
paper_syn_B_two_spirals_nz0.30_t3.5,synthetic,narrow,5,gelu,False,0.0,False,adam,0.001,bce,0.6464999914169312,15,-0.9999998842792082,-7.254328619247669,True,40.7,paper_syn_B_two_spirals_nz0.30_t3.5__narrow_d5_actgelu__optadam_lr0.001_lossbce_seed0,,20251008_003902
paper_syn_B_two_spirals_nz0.30_t3.5,synthetic,wide,5,relu,False,0.0,False,rmsprop,0.001,bce,0.6384999752044678,20,-0.3162700003103207,-0.3274970779264405,True,35.6,paper_syn_B_two_spirals_nz0.30_t3.5__wide_d5_actrelu__optrmsprop_lr0.001_lossbce_seed0,,20251008_003902
paper_syn_B_two_spirals_nz0.30_t3.5,synthetic,wide,5,relu,False,0.0,False,adam,0.001,bce,0.6384999752044678,6,-0.7663166539167079,-1.011342346879643,True,37.3,paper_syn_B_two_spirals_nz0.30_t3.5__wide_d5_actrelu__optadam_lr0.001_lossbce_seed0,,20251008_003902
paper_syn_B_two_spirals_nz0.30_t3.5,synthetic,wide,5,gelu,False,0.0,False,rmsprop,0.001,bce,0.6430000066757202,10,-0.9999613393525513,-5.426908093561281,True,37.6,paper_syn_B_two_spirals_nz0.30_t3.5__wide_d5_actgelu__optrmsprop_lr0.001_lossbce_seed0,,20251008_003902
paper_syn_B_two_spirals_nz0.30_t3.5,synthetic,wide,5,gelu,False,0.0,False,adam,0.001,bce,0.6430000066757202,9,-0.9997677662410649,-4.530398584444577,True,38.3,paper_syn_B_two_spirals_nz0.30_t3.5__wide_d5_actgelu__optadam_lr0.001_lossbce_seed0,,20251008_003902
paper_syn_B_two_spirals_nz0.35_t3.5,synthetic,narrow,5,relu,False,0.0,False,rmsprop,0.001,bce,0.6434999704360962,18,-0.5152061535800194,-0.5697915210049829,True,36.2,paper_syn_B_two_spirals_nz0.35_t3.5__narrow_d5_actrelu__optrmsprop_lr0.001_lossbce_seed0,,20251008_003902
paper_syn_B_two_spirals_nz0.35_t3.5,synthetic,narrow,5,relu,False,0.0,False,adam,0.001,bce,0.637499988079071,50,-0.992852612908321,-2.8152877584532114,True,37.2,paper_syn_B_two_spirals_nz0.35_t3.5__narrow_d5_actrelu__optadam_lr0.001_lossbce_seed0,,20251008_003902
paper_syn_B_two_spirals_nz0.35_t3.5,synthetic,narrow,5,gelu,False,0.0,False,rmsprop,0.001,bce,0.6389999985694885,9,-0.9963681974156531,-3.1546779013853525,True,37.0,paper_syn_B_two_spirals_nz0.35_t3.5__narrow_d5_actgelu__optrmsprop_lr0.001_lossbce_seed0,,20251008_003902
paper_syn_B_two_spirals_nz0.35_t3.5,synthetic,narrow,5,gelu,False,0.0,False,adam,0.001,bce,0.6449999809265137,7,-0.9999369487673793,-5.182339300149202,True,37.3,paper_syn_B_two_spirals_nz0.35_t3.5__narrow_d5_actgelu__optadam_lr0.001_lossbce_seed0,,20251008_003902
paper_syn_B_two_spirals_nz0.35_t3.5,synthetic,wide,5,relu,False,0.0,False,rmsprop,0.001,bce,0.6389999985694885,5,-0.99674501780904,-3.209543419142988,True,36.9,paper_syn_B_two_spirals_nz0.35_t3.5__wide_d5_actrelu__optrmsprop_lr0.001_lossbce_seed0,,20251008_003902
paper_syn_B_two_spirals_nz0.35_t3.5,synthetic,wide,5,relu,False,0.0,False,adam,0.001,bce,0.6460000276565552,7,-0.9996085141911772,-4.2692563549517635,True,37.6,paper_syn_B_two_spirals_nz0.35_t3.5__wide_d5_actrelu__optadam_lr0.001_lossbce_seed0,,20251008_003902
paper_syn_B_two_spirals_nz0.35_t3.5,synthetic,wide,5,gelu,False,0.0,False,rmsprop,0.001,bce,0.640999972820282,12,-0.999981173997565,-5.7867046515064775,True,37.4,paper_syn_B_two_spirals_nz0.35_t3.5__wide_d5_actgelu__optrmsprop_lr0.001_lossbce_seed0,,20251008_003902
paper_syn_B_two_spirals_nz0.35_t3.5,synthetic,wide,5,gelu,False,0.0,False,adam,0.001,bce,0.6340000033378601,50,-0.9988268122247643,-3.7202955277457077,True,38.1,paper_syn_B_two_spirals_nz0.35_t3.5__wide_d5_actgelu__optadam_lr0.001_lossbce_seed0,,20251008_003902
paper_syn_B_two_spirals_nz0.45_t3.5,synthetic,narrow,5,relu,False,0.0,False,rmsprop,0.001,bce,0.6589999794960022,90,-0.6482043676327953,-0.7721956475710776,True,37.9,paper_syn_B_two_spirals_nz0.45_t3.5__narrow_d5_actrelu__optrmsprop_lr0.001_lossbce_seed0,,20251008_003902
paper_syn_B_two_spirals_nz0.45_t3.5,synthetic,narrow,5,relu,False,0.0,False,adam,0.001,bce,0.6535000205039978,90,-0.9968104286274779,-3.219709929521594,True,39.4,paper_syn_B_two_spirals_nz0.45_t3.5__narrow_d5_actrelu__optadam_lr0.001_lossbce_seed0,,20251008_003902
paper_syn_B_two_spirals_nz0.45_t3.5,synthetic,narrow,5,gelu,False,0.0,False,rmsprop,0.001,bce,0.6669999957084656,30,-0.8946937958847266,-1.4449700916485888,True,38.9,paper_syn_B_two_spirals_nz0.45_t3.5__narrow_d5_actgelu__optrmsprop_lr0.001_lossbce_seed0,,20251008_003902
paper_syn_B_two_spirals_nz0.45_t3.5,synthetic,narrow,5,gelu,False,0.0,False,adam,0.001,bce,0.656499981880188,12,-0.9999998571325871,-7.254328619247669,True,39.1,paper_syn_B_two_spirals_nz0.45_t3.5__narrow_d5_actgelu__optadam_lr0.001_lossbce_seed0,,20251008_003902
paper_syn_B_two_spirals_nz0.45_t3.5,synthetic,wide,5,relu,False,0.0,False,rmsprop,0.001,bce,0.6600000262260437,18,-0.9879000912172796,-2.5508181080352985,True,38.3,paper_syn_B_two_spirals_nz0.45_t3.5__wide_d5_actrelu__optrmsprop_lr0.001_lossbce_seed0,,20251008_003902
paper_syn_B_two_spirals_nz0.45_t3.5,synthetic,wide,5,relu,False,0.0,False,adam,0.001,bce,0.6535000205039978,50,-0.9999616309862023,-5.430694176167864,True,40.1,paper_syn_B_two_spirals_nz0.45_t3.5__wide_d5_actrelu__optadam_lr0.001_lossbce_seed0,,20251008_003902
paper_syn_B_two_spirals_nz0.45_t3.5,synthetic,wide,5,gelu,False,0.0,False,rmsprop,0.001,bce,0.659500002861023,9,-0.927367787563441,-1.6392509947408536,True,38.7,paper_syn_B_two_spirals_nz0.45_t3.5__wide_d5_actgelu__optrmsprop_lr0.001_lossbce_seed0,,20251008_003902
paper_syn_B_two_spirals_nz0.45_t3.5,synthetic,wide,5,gelu,False,0.0,False,adam,0.001,bce,0.6474999785423279,18,-0.9992276320023259,-3.9294051812818074,True,39.5,paper_syn_B_two_spirals_nz0.45_t3.5__wide_d5_actgelu__optadam_lr0.001_lossbce_seed0,,20251008_003902
paper_syn_C_sine_surface_plane_nz0.05_nxy0.03,synthetic,narrow,5,relu,False,0.0,False,rmsprop,0.001,bce,0.9524999856948853,5,-0.9579725325787956,-1.920670701970163,True,38.9,paper_syn_C_sine_surface_plane_nz0.05_nxy0.03__narrow_d5_actrelu__optrmsprop_lr0.001_lossbce_seed0,,20251008_003902
paper_syn_C_sine_surface_plane_nz0.05_nxy0.03,synthetic,narrow,5,relu,False,0.0,False,adam,0.001,bce,0.9520000219345093,4,-0.9691301167708113,-2.077783051639367,True,39.2,paper_syn_C_sine_surface_plane_nz0.05_nxy0.03__narrow_d5_actrelu__optadam_lr0.001_lossbce_seed0,,20251008_003902
paper_syn_C_sine_surface_plane_nz0.05_nxy0.03,synthetic,narrow,5,gelu,False,0.0,False,rmsprop,0.001,bce,0.9484999775886536,90,-0.8933207611169464,-1.4381305090305472,True,38.8,paper_syn_C_sine_surface_plane_nz0.05_nxy0.03__narrow_d5_actgelu__optrmsprop_lr0.001_lossbce_seed0,,20251008_003902
paper_syn_C_sine_surface_plane_nz0.05_nxy0.03,synthetic,narrow,5,gelu,False,0.0,False,adam,0.001,bce,0.949999988079071,90,-0.9443394414651108,-1.7767028943874872,True,43.4,paper_syn_C_sine_surface_plane_nz0.05_nxy0.03__narrow_d5_actgelu__optadam_lr0.001_lossbce_seed0,,20251008_003902
paper_syn_C_sine_surface_plane_nz0.05_nxy0.03,synthetic,wide,5,relu,False,0.0,False,rmsprop,0.001,bce,0.9520000219345093,15,-0.9999333989692105,-5.154952191354118,True,38.9,paper_syn_C_sine_surface_plane_nz0.05_nxy0.03__wide_d5_actrelu__optrmsprop_lr0.001_lossbce_seed0,,20251008_003902
paper_syn_C_sine_surface_plane_nz0.05_nxy0.03,synthetic,wide,5,relu,False,0.0,False,adam,0.001,bce,0.9495000243186951,50,-0.9964324927452717,-3.163625004602107,True,39.4,paper_syn_C_sine_surface_plane_nz0.05_nxy0.03__wide_d5_actrelu__optadam_lr0.001_lossbce_seed0,,20251008_003902
paper_syn_C_sine_surface_plane_nz0.05_nxy0.03,synthetic,wide,5,gelu,False,0.0,False,rmsprop,0.001,bce,0.9480000138282776,9,-0.9940308358258962,-2.9056532507214095,True,38.4,paper_syn_C_sine_surface_plane_nz0.05_nxy0.03__wide_d5_actgelu__optrmsprop_lr0.001_lossbce_seed0,,20251008_003902
paper_syn_C_sine_surface_plane_nz0.05_nxy0.03,synthetic,wide,5,gelu,False,0.0,False,adam,0.001,bce,0.9505000114440918,9,-0.9874821864929916,-2.5337355866560958,True,39.4,paper_syn_C_sine_surface_plane_nz0.05_nxy0.03__wide_d5_actgelu__optadam_lr0.001_lossbce_seed0,,20251008_003902
paper_syn_C_sine_surface_plane_nz0.08_nxy0.03,synthetic,narrow,5,relu,False,0.0,False,rmsprop,0.001,bce,0.940500020980835,7,-0.9959077920581187,-3.0948847979779384,True,38.8,paper_syn_C_sine_surface_plane_nz0.08_nxy0.03__narrow_d5_actrelu__optrmsprop_lr0.001_lossbce_seed0,,20251008_003902
paper_syn_C_sine_surface_plane_nz0.08_nxy0.03,synthetic,narrow,5,relu,False,0.0,False,adam,0.001,bce,0.9465000033378601,12,-0.9903662285427834,-2.665399574912958,True,39.4,paper_syn_C_sine_surface_plane_nz0.08_nxy0.03__narrow_d5_actrelu__optadam_lr0.001_lossbce_seed0,,20251008_003902
paper_syn_C_sine_surface_plane_nz0.08_nxy0.03,synthetic,narrow,5,gelu,False,0.0,False,rmsprop,0.001,bce,0.9319999814033508,15,-0.9999999360224598,-7.254328619247669,True,38.4,paper_syn_C_sine_surface_plane_nz0.08_nxy0.03__narrow_d5_actgelu__optrmsprop_lr0.001_lossbce_seed0,,20251008_003902
paper_syn_C_sine_surface_plane_nz0.08_nxy0.03,synthetic,narrow,5,gelu,False,0.0,False,adam,0.001,bce,0.9350000023841858,90,-0.994542236576657,-2.950565385616801,True,38.9,paper_syn_C_sine_surface_plane_nz0.08_nxy0.03__narrow_d5_actgelu__optadam_lr0.001_lossbce_seed0,,20251008_003902
paper_syn_C_sine_surface_plane_nz0.08_nxy0.03,synthetic,wide,5,relu,False,0.0,False,rmsprop,0.001,bce,0.9390000104904175,10,-0.999859337946774,-4.781113588582707,True,39.0,paper_syn_C_sine_surface_plane_nz0.08_nxy0.03__wide_d5_actrelu__optrmsprop_lr0.001_lossbce_seed0,,20251008_003902
paper_syn_C_sine_surface_plane_nz0.08_nxy0.03,synthetic,wide,5,relu,False,0.0,False,adam,0.001,bce,0.9409999847412109,90,-0.9972638334053174,-3.2964877758942177,True,39.6,paper_syn_C_sine_surface_plane_nz0.08_nxy0.03__wide_d5_actrelu__optadam_lr0.001_lossbce_seed0,,20251008_003902
paper_syn_C_sine_surface_plane_nz0.08_nxy0.03,synthetic,wide,5,gelu,False,0.0,False,rmsprop,0.001,bce,0.9315000176429749,15,-0.9999989014226579,-7.207320585932828,True,38.1,paper_syn_C_sine_surface_plane_nz0.08_nxy0.03__wide_d5_actgelu__optrmsprop_lr0.001_lossbce_seed0,,20251008_003902
paper_syn_C_sine_surface_plane_nz0.08_nxy0.03,synthetic,wide,5,gelu,False,0.0,False,adam,0.001,bce,0.9365000128746033,9,-0.9786067413015996,-2.2635361758415793,True,39.3,paper_syn_C_sine_surface_plane_nz0.08_nxy0.03__wide_d5_actgelu__optadam_lr0.001_lossbce_seed0,,20251008_003902
paper_syn_C_sine_surface_plane_nz0.12_nxy0.03,synthetic,narrow,5,relu,False,0.0,False,rmsprop,0.001,bce,0.9175000190734863,4,-0.9436310970424254,-1.7701977808357214,True,39.2,paper_syn_C_sine_surface_plane_nz0.12_nxy0.03__narrow_d5_actrelu__optrmsprop_lr0.001_lossbce_seed0,,20251008_003902
paper_syn_C_sine_surface_plane_nz0.12_nxy0.03,synthetic,narrow,5,relu,False,0.0,False,adam,0.001,bce,0.9190000295639038,5,-0.9890040908198676,-2.5989330123299372,True,39.6,paper_syn_C_sine_surface_plane_nz0.12_nxy0.03__narrow_d5_actrelu__optadam_lr0.001_lossbce_seed0,,20251008_003902
paper_syn_C_sine_surface_plane_nz0.12_nxy0.03,synthetic,narrow,5,gelu,False,0.0,False,rmsprop,0.001,bce,0.9175000190734863,18,-0.9999585948506444,-5.3926158910345405,True,39.0,paper_syn_C_sine_surface_plane_nz0.12_nxy0.03__narrow_d5_actgelu__optrmsprop_lr0.001_lossbce_seed0,,20251008_003902
paper_syn_C_sine_surface_plane_nz0.12_nxy0.03,synthetic,narrow,5,gelu,False,0.0,False,adam,0.001,bce,0.9204999804496765,10,-0.9965126710834238,-3.1750105916830775,True,39.5,paper_syn_C_sine_surface_plane_nz0.12_nxy0.03__narrow_d5_actgelu__optadam_lr0.001_lossbce_seed0,,20251008_003902
paper_syn_C_sine_surface_plane_nz0.12_nxy0.03,synthetic,wide,5,relu,False,0.0,False,rmsprop,0.001,bce,0.9194999933242798,12,-0.9873122125475982,-2.526949222459745,True,39.4,paper_syn_C_sine_surface_plane_nz0.12_nxy0.03__wide_d5_actrelu__optrmsprop_lr0.001_lossbce_seed0,,20251008_003902
paper_syn_C_sine_surface_plane_nz0.12_nxy0.03,synthetic,wide,5,relu,False,0.0,False,adam,0.001,bce,0.9225000143051147,12,-0.9993992471508664,-4.055086849872257,True,39.6,paper_syn_C_sine_surface_plane_nz0.12_nxy0.03__wide_d5_actrelu__optadam_lr0.001_lossbce_seed0,,20251008_003902
paper_syn_C_sine_surface_plane_nz0.12_nxy0.03,synthetic,wide,5,gelu,False,0.0,False,rmsprop,0.001,bce,0.9150000214576721,15,-0.9993605760313189,-4.023885126645203,True,39.1,paper_syn_C_sine_surface_plane_nz0.12_nxy0.03__wide_d5_actgelu__optrmsprop_lr0.001_lossbce_seed0,,20251008_003902
paper_syn_C_sine_surface_plane_nz0.12_nxy0.03,synthetic,wide,5,gelu,False,0.0,False,adam,0.001,bce,0.9179999828338623,7,-0.996898935017643,-3.2338025642708845,True,39.7,paper_syn_C_sine_surface_plane_nz0.12_nxy0.03__wide_d5_actgelu__optadam_lr0.001_lossbce_seed0,,20251008_003902
paper_syn_C_sine_surface_plane_nz0.16_nxy0.03,synthetic,narrow,5,relu,False,0.0,False,rmsprop,0.001,bce,0.8769999742507935,90,0.13862187739363352,0.13952017790631677,True,39.2,paper_syn_C_sine_surface_plane_nz0.16_nxy0.03__narrow_d5_actrelu__optrmsprop_lr0.001_lossbce_seed0,,20251008_003902
paper_syn_C_sine_surface_plane_nz0.16_nxy0.03,synthetic,narrow,5,relu,False,0.0,False,adam,0.001,bce,0.8845000267028809,4,-0.6358867180242725,-0.7512376190325739,True,39.6,paper_syn_C_sine_surface_plane_nz0.16_nxy0.03__narrow_d5_actrelu__optadam_lr0.001_lossbce_seed0,,20251008_003902
paper_syn_C_sine_surface_plane_nz0.16_nxy0.03,synthetic,narrow,5,gelu,False,0.0,False,rmsprop,0.001,bce,0.8820000290870667,18,-0.999999868162925,-7.254328619247669,True,39.4,paper_syn_C_sine_surface_plane_nz0.16_nxy0.03__narrow_d5_actgelu__optrmsprop_lr0.001_lossbce_seed0,,20251008_003902
paper_syn_C_sine_surface_plane_nz0.16_nxy0.03,synthetic,narrow,5,gelu,False,0.0,False,adam,0.001,bce,0.8830000162124634,10,-0.9998258430652782,-4.674306919925579,True,39.6,paper_syn_C_sine_surface_plane_nz0.16_nxy0.03__narrow_d5_actgelu__optadam_lr0.001_lossbce_seed0,,20251008_003902
paper_syn_C_sine_surface_plane_nz0.16_nxy0.03,synthetic,wide,5,relu,False,0.0,False,rmsprop,0.001,bce,0.8794999718666077,90,-0.3205775527669287,-0.3322906824461764,True,39.2,paper_syn_C_sine_surface_plane_nz0.16_nxy0.03__wide_d5_actrelu__optrmsprop_lr0.001_lossbce_seed0,,20251008_003902
paper_syn_C_sine_surface_plane_nz0.16_nxy0.03,synthetic,wide,5,relu,False,0.0,False,adam,0.001,bce,0.8815000057220459,9,-0.9868661415264011,-2.509560180511826,True,44.2,paper_syn_C_sine_surface_plane_nz0.16_nxy0.03__wide_d5_actrelu__optadam_lr0.001_lossbce_seed0,,20251008_003902
paper_syn_C_sine_surface_plane_nz0.16_nxy0.03,synthetic,wide,5,gelu,False,0.0,False,rmsprop,0.001,bce,0.8799999952316284,15,-0.9999306691030494,-5.134866211097315,True,39.5,paper_syn_C_sine_surface_plane_nz0.16_nxy0.03__wide_d5_actgelu__optrmsprop_lr0.001_lossbce_seed0,,20251008_003902
paper_syn_C_sine_surface_plane_nz0.16_nxy0.03,synthetic,wide,5,gelu,False,0.0,False,adam,0.001,bce,0.887499988079071,5,-0.9981427162531502,-3.490429158498296,True,39.9,paper_syn_C_sine_surface_plane_nz0.16_nxy0.03__wide_d5_actgelu__optadam_lr0.001_lossbce_seed0,,20251008_003902
paper_syn_C_sine_surface_vs_plane_1k_each,synthetic,narrow,5,relu,False,0.0,False,rmsprop,0.001,bce,0.9265000224113464,4,-0.992651478530413,-2.801361149871191,True,39.2,paper_syn_C_sine_surface_vs_plane_1k_each__narrow_d5_actrelu__optrmsprop_lr0.001_lossbce_seed0,,20251008_003902
paper_syn_C_sine_surface_vs_plane_1k_each,synthetic,narrow,5,relu,False,0.0,False,adam,0.001,bce,0.9275000095367432,4,-0.9972743516103975,-3.2984161824537765,True,39.5,paper_syn_C_sine_surface_vs_plane_1k_each__narrow_d5_actrelu__optadam_lr0.001_lossbce_seed0,,20251008_003902
paper_syn_C_sine_surface_vs_plane_1k_each,synthetic,narrow,5,gelu,False,0.0,False,rmsprop,0.001,bce,0.9225000143051147,18,-0.9982710766279367,-3.5262693687488054,True,38.9,paper_syn_C_sine_surface_vs_plane_1k_each__narrow_d5_actgelu__optrmsprop_lr0.001_lossbce_seed0,,20251008_003902
paper_syn_C_sine_surface_vs_plane_1k_each,synthetic,narrow,5,gelu,False,0.0,False,adam,0.001,bce,0.9235000014305115,12,-0.9999869576998492,-5.97022664224022,True,39.8,paper_syn_C_sine_surface_vs_plane_1k_each__narrow_d5_actgelu__optadam_lr0.001_lossbce_seed0,,20251008_003902
paper_syn_C_sine_surface_vs_plane_1k_each,synthetic,wide,5,relu,False,0.0,False,rmsprop,0.001,bce,0.9269999861717224,5,-0.9997860659527754,-4.571441494398583,True,39.1,paper_syn_C_sine_surface_vs_plane_1k_each__wide_d5_actrelu__optrmsprop_lr0.001_lossbce_seed0,,20251008_003902
paper_syn_C_sine_surface_vs_plane_1k_each,synthetic,wide,5,relu,False,0.0,False,adam,0.001,bce,0.9259999990463257,5,-0.9999979330869515,-6.891300245888649,True,39.6,paper_syn_C_sine_surface_vs_plane_1k_each__wide_d5_actrelu__optadam_lr0.001_lossbce_seed0,,20251008_003902
paper_syn_C_sine_surface_vs_plane_1k_each,synthetic,wide,5,gelu,False,0.0,False,rmsprop,0.001,bce,0.9229999780654907,18,-0.999967273372617,-5.5102261677366124,True,38.6,paper_syn_C_sine_surface_vs_plane_1k_each__wide_d5_actgelu__optrmsprop_lr0.001_lossbce_seed0,,20251008_003902
paper_syn_C_sine_surface_vs_plane_1k_each,synthetic,wide,5,gelu,False,0.0,False,adam,0.001,bce,0.9229999780654907,15,-0.9822947388786922,-2.3590742888692584,True,39.5,paper_syn_C_sine_surface_vs_plane_1k_each__wide_d5_actgelu__optadam_lr0.001_lossbce_seed0,,20251008_003902
synthetic_A_moons_1k_each,synthetic,narrow,5,relu,False,0.0,False,rmsprop,0.001,bce,0.9120000004768372,90,-0.9974618128486111,-3.334091226849835,True,13.0,synthetic_A_moons_1k_each__narrow_d5_actrelu__optrmsprop_lr0.001_lossbce_seed0,,20251008_003902
synthetic_A_moons_1k_each,synthetic,narrow,5,relu,False,0.0,False,adam,0.001,bce,0.9150000214576721,12,-0.9987369800903882,-3.683382571555165,True,13.8,synthetic_A_moons_1k_each__narrow_d5_actrelu__optadam_lr0.001_lossbce_seed0,,20251008_003902
synthetic_A_moons_1k_each,synthetic,narrow,5,gelu,False,0.0,False,rmsprop,0.001,bce,0.8989999890327454,5,-0.7986842707499004,-1.0949681239817064,True,13.3,synthetic_A_moons_1k_each__narrow_d5_actgelu__optrmsprop_lr0.001_lossbce_seed0,,20251008_003902
synthetic_A_moons_1k_each,synthetic,narrow,5,gelu,False,0.0,False,adam,0.001,bce,0.9129999876022339,20,-0.9933426426593264,-2.8509228091913443,True,13.9,synthetic_A_moons_1k_each__narrow_d5_actgelu__optadam_lr0.001_lossbce_seed0,,20251008_003902
synthetic_A_moons_1k_each,synthetic,wide,5,relu,False,0.0,False,rmsprop,0.001,bce,0.9169999957084656,90,-0.9503796787071966,-1.8356894431624529,True,13.3,synthetic_A_moons_1k_each__wide_d5_actrelu__optrmsprop_lr0.001_lossbce_seed0,,20251008_003902
synthetic_A_moons_1k_each,synthetic,wide,5,relu,False,0.0,False,adam,0.001,bce,0.9139999747276306,9,-0.9936676026965199,-2.8760261762448374,True,13.6,synthetic_A_moons_1k_each__wide_d5_actrelu__optadam_lr0.001_lossbce_seed0,,20251008_003902
synthetic_A_moons_1k_each,synthetic,wide,5,gelu,False,0.0,False,rmsprop,0.001,bce,0.9089999794960022,20,-0.999111604145897,-3.859398008301706,True,13.5,synthetic_A_moons_1k_each__wide_d5_actgelu__optrmsprop_lr0.001_lossbce_seed0,,20251008_003902
synthetic_A_moons_1k_each,synthetic,wide,5,gelu,False,0.0,False,adam,0.001,bce,0.9120000004768372,10,-0.9999987722486243,-7.15173638911298,True,14.0,synthetic_A_moons_1k_each__wide_d5_actgelu__optadam_lr0.001_lossbce_seed0,,20251008_003902
synthetic_A_moons_full10k,synthetic,narrow,5,relu,False,0.0,False,rmsprop,0.001,bce,0.9154000282287598,5,-0.6555852293587007,-0.7850315892677826,True,947.4,synthetic_A_moons_full10k__narrow_d5_actrelu__optrmsprop_lr0.001_lossbce_seed0,,20251008_003902
synthetic_A_moons_full10k,synthetic,narrow,5,relu,False,0.0,False,adam,0.001,bce,0.917900025844574,5,-0.9526888517960992,-1.8601083204830144,True,946.3,synthetic_A_moons_full10k__narrow_d5_actrelu__optadam_lr0.001_lossbce_seed0,,20251008_003902
synthetic_A_moons_full10k,synthetic,narrow,5,gelu,False,0.0,False,rmsprop,0.001,bce,0.9175000190734863,50,-0.9467781370244854,-1.7997308887855423,True,947.9,synthetic_A_moons_full10k__narrow_d5_actgelu__optrmsprop_lr0.001_lossbce_seed0,,20251008_003902
synthetic_A_moons_full10k,synthetic,narrow,5,gelu,False,0.0,False,adam,0.001,bce,0.91839998960495,50,-0.9037787365261751,-1.4924728157560323,True,935.3,synthetic_A_moons_full10k__narrow_d5_actgelu__optadam_lr0.001_lossbce_seed0,,20251008_003902
synthetic_A_moons_full10k,synthetic,wide,5,relu,False,0.0,False,rmsprop,0.001,bce,0.9162999987602234,5,-0.10766828714070065,-0.10808725189646766,True,944.2,synthetic_A_moons_full10k__wide_d5_actrelu__optrmsprop_lr0.001_lossbce_seed0,,20251008_003902
synthetic_A_moons_full10k,synthetic,wide,5,relu,False,0.0,False,adam,0.001,bce,0.9180999994277954,6,0.727312261955714,0.9229972748745717,True,941.2,synthetic_A_moons_full10k__wide_d5_actrelu__optadam_lr0.001_lossbce_seed0,,20251008_003902
synthetic_A_moons_full10k,synthetic,wide,5,gelu,False,0.0,False,rmsprop,0.001,bce,0.916100025177002,6,-0.9966971333936644,-3.202229450567508,True,936.6,synthetic_A_moons_full10k__wide_d5_actgelu__optrmsprop_lr0.001_lossbce_seed0,,20251008_003902
synthetic_A_moons_full10k,synthetic,wide,5,gelu,False,0.0,False,adam,0.001,bce,0.9172999858856201,6,-0.9370666216981276,-1.7134266887492748,True,939.9,synthetic_A_moons_full10k__wide_d5_actgelu__optadam_lr0.001_lossbce_seed0,,20251008_003902
